"","two","Agency","Department","Obama diff","Obama percent change","Trump diff","Trump percent change"
"1","TR","DEPARTMENT OF THE TREASURY","INTERNAL REVENUE SERVICE",3632,4.1,-6801,-8.6
"2","DJ","DEPARTMENT OF JUSTICE","BUREAU OF PRISONS/FEDERAL PRISON SYSTEM",531,1.47,-2320,-5.87
"3","AR","DEPARTMENT OF THE ARMY","U.S. ARMY MEDICAL COMMAND",3448,10.66,-1124,-2.73
"4","AR","DEPARTMENT OF THE ARMY","ARMY NATIONAL GUARD UNITS (TITLE 32)",-1447,-6.22,-1101,-4.57
"5","CM","DEPARTMENT OF COMMERCE","U.S. CENSUS BUREAU",234,1.94,-1040,-7.78
"6","SZ","SOCIAL SECURITY ADMINISTRATION","SOCIAL SECURITY ADMINISTRATION",3049,4.84,-1012,-1.61
"7","AR","DEPARTMENT OF THE ARMY","U.S. ARMY INSTALLATION MANAGEMENT COMMAND",1747,5.28,-923,-3.99
"8","DD","DEPARTMENT OF DEFENSE","DEFENSE CONTRACT MANAGEMENT AGENCY",449,4.79,-605,-5.14
"9","TD","DEPARTMENT OF TRANSPORTATION","FEDERAL AVIATION ADMINISTRATION",1145,2.5,-571,-1.26
"10","EP","ENVIRONMENTAL PROTECTION AGENCY","ENVIRONMENTAL PROTECTION AGENCY",153,0.91,-508,-3.45
"11","AF","DEPARTMENT OF THE AIR FORCE","AIR MOBILITY COMMAND",163,2.22,-498,-6.22
"12","DD","DEPARTMENT OF DEFENSE","DEFENSE COMMISSARY AGENCY",139,1.14,-469,-3.48
"13","HS","DEPARTMENT OF HOMELAND SECURITY","TRANSPORTATION SECURITY ADMINISTRATION",-1543,-2.52,-467,-0.77
"14","NV","DEPARTMENT OF THE NAVY","U.S. MARINE CORPS",1208,7.46,-431,-2.45
"15","DD","DEPARTMENT OF DEFENSE","DEFENSE LOGISTICS AGENCY",1647,7.26,-407,-1.65
"16","ST","DEPARTMENT OF STATE","DEPARTMENT OF STATE",105,1.21,-405,-3.79
"17","AF","DEPARTMENT OF THE AIR FORCE","AIR FORCE MATERIEL COMMAND",2493,4.61,-396,-0.65
"18","NV","DEPARTMENT OF THE NAVY","COMMANDER, NAVY INSTALLATIONS",436,3.29,-380,-3.44
"19","NV","DEPARTMENT OF THE NAVY","NAVAL EDUCATION AND TRAINING COMMAND",636,17.29,-378,-9.3
"20","DN","DEPARTMENT OF ENERGY","DEPARTMENT OF ENERGY",124,0.82,-305,-2.3
"21","AG","DEPARTMENT OF AGRICULTURE","NATURAL RESOURCES CONSERVATION SERVICE",-92,-0.83,-291,-2.82
"22","NV","DEPARTMENT OF THE NAVY","NAVAL MEDICAL COMMAND",532,4.67,-256,-2.27
"23","AG","DEPARTMENT OF AGRICULTURE","AGRICULTURAL RESEARCH SERVICE",-77,-1.09,-255,-4.46
"24","AF","DEPARTMENT OF THE AIR FORCE","AIR FORCE ELEMENTS",19,4.62,-251,-38.5
"25","AR","DEPARTMENT OF THE ARMY","AUTOMOTIVE AND ARMAMENT COMMAND (TACOM)",819,7.23,-246,-2.54
"26","NV","DEPARTMENT OF THE NAVY","MILITARY SEALIFT COMMAND",-76,-1.24,-221,-3.16
"27","AF","DEPARTMENT OF THE AIR FORCE","AIR EDUCATION AND TRAINING COMMAND",289,2.18,-218,-1.6
"28","AF","DEPARTMENT OF THE AIR FORCE","PACIFIC AIR FORCES",107,3.72,-214,-7.39
"29","AR","DEPARTMENT OF THE ARMY","U.S. ARMY RESEARCH, DEVELOPMENT AND ENGINEERING COMMAND",421,3.11,-208,-1.6
"30","HE","DEPARTMENT OF HEALTH AND HUMAN SERVICES","CENTERS FOR MEDICARE & MEDICAID SERVICES",53,1.24,-204,-3.28
"31","NV","DEPARTMENT OF THE NAVY","BUREAU OF NAVAL PERSONNEL",118,7.81,-189,-4.47
"32","AF","DEPARTMENT OF THE AIR FORCE","AIR NATIONAL GUARD UNITS (TITLE 32)",-384,-1.92,-188,-1.07
"33","AR","DEPARTMENT OF THE ARMY","U.S. ARMY TRAINING AND DOCTRINE COMMAND",259,2.56,-186,-2.08
"34","NU","NUCLEAR REGULATORY COMMISSION","NUCLEAR REGULATORY COMMISSION",4,0.1,-177,-5.36
"35","AR","DEPARTMENT OF THE ARMY","U.S. ARMY AVIATION AND MISSILE COMMAND",213,2.49,-177,-2.35
"36","AG","DEPARTMENT OF AGRICULTURE","FARM SERVICE AGENCY",-98,-1.94,-168,-4.09
"37","GS","GENERAL SERVICES ADMINISTRATION","PUBLIC BUILDINGS SERVICE",255,4.04,-167,-2.9
"38","NV","DEPARTMENT OF THE NAVY","DEPARTMENT OF THE NAVY/ASSISTANT FOR ADMINISTRATION (DON/AA)",178,3.87,-159,-3.44
"39","AF","DEPARTMENT OF THE AIR FORCE","HEADQUARTERS, AIR FORCE RESERVE COMMAND",210,1.71,-159,-1.35
"40","DD","DEPARTMENT OF DEFENSE","DEPARTMENT OF DEFENSE EDUCATION ACTIVITY",220,2.27,-155,-1.65
"41","CM","DEPARTMENT OF COMMERCE","PATENT AND TRADEMARK OFFICE",52,0.54,-151,-1.19
"42","AR","DEPARTMENT OF THE ARMY","HQDA FIELD OPERATING AGENCIES AND STAFF SUPPORT AGENCIES AND STAFF SUPPORT AGENCIES",91,1.42,-131,-2.28
"43","DL","DEPARTMENT OF LABOR","OCCUPATIONAL SAFETY AND HEALTH ADMINISTRATION",49,2.38,-119,-5.72
"44","NV","DEPARTMENT OF THE NAVY","NAVAL FACILITIES ENGINEERING COMMAND",975,7.04,-118,-0.78
"45","DL","DEPARTMENT OF LABOR","MINE SAFETY AND HEALTH ADMINISTRATION",21,0.89,-117,-5.3
"46","SE","SECURITIES AND EXCHANGE COMMISSION","SECURITIES AND EXCHANGE COMMISSION",46,1.29,-116,-2.52
"47","DD","DEPARTMENT OF DEFENSE","DEFENSE HEALTH AGENCY",49,4.42,-116,-2.02
"48","DL","DEPARTMENT OF LABOR","WAGE AND HOUR DIVISION",NA,NA,-113,-6.3
"49","HE","DEPARTMENT OF HEALTH AND HUMAN SERVICES","CENTERS FOR DISEASE CONTROL AND PREVENTION",451,6,-108,-1.14
"50","IN","DEPARTMENT OF THE INTERIOR","GEOLOGICAL SURVEY",2,0.03,-99,-1.43
"51","EE","EQUAL EMPLOYMENT OPPORTUNITY COMMISSION","EQUAL EMPLOYMENT OPPORTUNITY COMMISSION",164,7.56,-97,-4.58
"52","AR","DEPARTMENT OF THE ARMY","CHIEF OF THE U.S. ARMY EUROPE AND SEVENTH ARMY",224,24.92,-88,-9.41
"53","FC","FEDERAL COMMUNICATIONS COMMISSION","FEDERAL COMMUNICATIONS COMMISSION",-20,-1.14,-87,-5.67
"54","DL","DEPARTMENT OF LABOR","BUREAU OF LABOR STATISTICS",83,3.53,-83,-3.44
"55","DJ","DEPARTMENT OF JUSTICE","EXECUTIVE OFFICE FOR U.S. ATTORNEYS AND THE OFFICES OF THE U.S. ATTORNEYS",428,4.1,-83,-0.78
"56","DL","DEPARTMENT OF LABOR","OFFICE OF WORKERS' COMPENSATION PROGRAMS",NA,NA,-82,-5.34
"57","NV","DEPARTMENT OF THE NAVY","NAVAL SUPPLY SYSTEMS COMMAND",-382,-5.47,-81,-1.23
"58","HS","DEPARTMENT OF HOMELAND SECURITY","U.S. SECRET SERVICE",0,0,-80,-1.53
"59","AF","DEPARTMENT OF THE AIR FORCE","HEADQUARTERS, AIR FORCE SPACE COMMAND",638,9.46,-80,-1.18
"60","AR","DEPARTMENT OF THE ARMY","U.S. ARMY NETWORK ENTERPRISE TECHNOLOGY COMMAND/9TH ARMY SIGNAL COMMAND",179,9.16,-79,-1.98
"61","FD","FEDERAL DEPOSIT INSURANCE CORPORATION","FEDERAL DEPOSIT INSURANCE CORPORATION",410,8.86,-78,-1.37
"62","AM","U.S. AGENCY FOR INTERNATIONAL DEVELOPMENT","U.S. AGENCY FOR INTERNATIONAL DEVELOPMENT",NA,NA,-77,-2.49
"63","AG","DEPARTMENT OF AGRICULTURE","FOOD SAFETY AND INSPECTION SERVICE",4,0.04,-77,-0.82
"64","DL","DEPARTMENT OF LABOR","EMPLOYEE BENEFITS SECURITY ADMINISTRATION",NA,NA,-73,-7.69
"65","AG","DEPARTMENT OF AGRICULTURE","OFFICE OF THE CHIEF FINANCIAL OFFICER",-4,-0.33,-71,-4.57
"66","AG","DEPARTMENT OF AGRICULTURE","FOOD AND NUTRITION SERVICE",15,1.18,-70,-4.34
"67","TR","DEPARTMENT OF THE TREASURY","DEPARTMENTAL OFFICES",181,13.52,-68,-3.54
"68","IN","DEPARTMENT OF THE INTERIOR","OFFICE OF THE SECRETARY OF THE INTERIOR",93,3.32,-67,-1.82
"69","DD","DEPARTMENT OF DEFENSE","OFFICE OF THE SECRETARY OF DEFENSE",77,5.07,-62,-3.8
"70","NV","DEPARTMENT OF THE NAVY","IMMEDIATE OFFICE OF THE CHIEF OF NAVAL OPERATIONS",375,11.43,-60,-3.92
"71","AF","DEPARTMENT OF THE AIR FORCE","25 AF",32,1.77,-59,-93.65
"72","NQ","NATIONAL ARCHIVES AND RECORDS ADMINISTRATION","NATIONAL ARCHIVES AND RECORDS ADMINISTRATION",79,3.05,-58,-1.98
"73","NL","NATIONAL LABOR RELATIONS BOARD","NATIONAL LABOR RELATIONS BOARD",-1,-0.06,-57,-3.81
"74","DJ","DEPARTMENT OF JUSTICE","OFFICES, BOARDS AND DIVISIONS",229,3.79,-56,-0.93
"75","CM","DEPARTMENT OF COMMERCE","NATIONAL OCEANIC AND ATMOSPHERIC ADMINISTRATION",136,1.09,-55,-0.49
"76","VA","DEPARTMENT OF VETERANS AFFAIRS","DEAN FOR VA LEARNING UNIVERSITY",NA,NA,-54,-98.18
"77","HE","DEPARTMENT OF HEALTH AND HUMAN SERVICES","ADMINISTRATION FOR CHILDREN AND FAMILIES",7,0.55,-52,-3.87
"78","AF","DEPARTMENT OF THE AIR FORCE","HQ USAF AND SUPPORT ELEMENTS",NA,NA,-52,-2.67
"79","ED","DEPARTMENT OF EDUCATION","FEDERAL STUDENT AID",-33,-3.32,-51,-3.61
"80","DJ","DEPARTMENT OF JUSTICE","U.S. MARSHALS SERVICE",142,2.99,-51,-1
"81","TR","DEPARTMENT OF THE TREASURY","U.S. MINT",-24,-1.35,-50,-3.09
"82","AR","DEPARTMENT OF THE ARMY","U.S. ARMY SUSTAINMENT COMMAND",40,4.76,-50,-1.15
"83","AF","DEPARTMENT OF THE AIR FORCE","AIR FORCE ELEMENTS, U.S. STRATEGIC COMMAND",187,24.9,-48,-2.58
"84","AR","DEPARTMENT OF THE ARMY","U.S. ARMY COMMUNICATIONS ELECTRONICS COMMAND",420,5.52,-48,-0.82
"85","CU","NATIONAL CREDIT UNION ADMINISTRATION","NATIONAL CREDIT UNION ADMINISTRATION",79,8.58,-47,-3.95
"86","TD","DEPARTMENT OF TRANSPORTATION","FEDERAL HIGHWAY ADMINISTRATION",35,1.24,-47,-1.73
"87","AR","DEPARTMENT OF THE ARMY","HEADQUARTERS, AMC",116,21.48,-46,-6.84
"88","SM","SMITHSONIAN INSTITUTION","SMITHSONIAN INSTITUTION (EXCEPT UNITS ADMINISTERED UNDER SEPARATE BOARDS OF TRUSTEES)",33,0.84,-46,-1.18
"89","AR","DEPARTMENT OF THE ARMY","OFFICE OF THE CHIEF OF THE NATIONAL GUARD BUREAU",12,3.22,-45,-5.81
"90","DJ","DEPARTMENT OF JUSTICE","U.S. TRUSTEE PROGRAM",-5,-0.4,-43,-4.11
"91","AG","DEPARTMENT OF AGRICULTURE","RURAL HOUSING SERVICE",-78,-1.43,-42,-0.95
"92","HU","DEPARTMENT OF HOUSING AND URBAN DEVELOPMENT","OFFICE OF THE SENIOR COORDINATOR FOR SOUTHEAST/CARIBBEAN",5,0.5,-41,-5.48
"93","AG","DEPARTMENT OF AGRICULTURE","AGRICULTURAL MARKETING SERVICE",-38,-1.7,-40,-1.89
"94","AG","DEPARTMENT OF AGRICULTURE","GRAIN INSPECTION, PACKERS AND STOCKYARDS ADMINISTRATION",-7,-1.05,-39,-5.6
"95","AF","DEPARTMENT OF THE AIR FORCE","U.S. AIR FORCES, EUROPE",-15,-1.27,-39,-3.82
"96","DD","DEPARTMENT OF DEFENSE","DEFENSE THREAT REDUCTION AGENCY",1,0.08,-39,-2.89
"97","NN","NATIONAL AERONAUTICS AND SPACE ADMINISTRATION","HEADQUARTERS, NASA",41,2.84,-39,-2.74
"98","NN","NATIONAL AERONAUTICS AND SPACE ADMINISTRATION","JOHN F. KENNEDY SPACE CENTER",108,5.83,-39,-1.97
"99","ED","DEPARTMENT OF EDUCATION","OFFICE FOR CIVIL RIGHTS",-22,-3.75,-37,-6.2
"100","AR","DEPARTMENT OF THE ARMY","U.S. ARMY TEST AND EVALUATION COMMAND",78,1.88,-36,-1.03
"101","DD","DEPARTMENT OF DEFENSE","DEFENSE INFORMATION SYSTEMS AGENCY",154,2.91,-36,-0.64
"102","AG","DEPARTMENT OF AGRICULTURE","OFFICE OF THE INSPECTOR GENERAL",17,3.09,-35,-7.14
"103","SB","SMALL BUSINESS ADMINISTRATION","SMALL BUSINESS ADMINISTRATION",31,1.15,-35,-1.32
"104","DL","DEPARTMENT OF LABOR","OFFICE OF FEDERAL CONTRACT COMPLIANCE PROGRAMS",NA,NA,-33,-5.86
"105","HU","DEPARTMENT OF HOUSING AND URBAN DEVELOPMENT","FEDERAL HOUSING COMMISSIONER",-8,-0.89,-33,-3.36
"106","TR","DEPARTMENT OF THE TREASURY","BUREAU OF THE FISCAL SERVICE",NA,NA,-32,-0.9
"107","HE","DEPARTMENT OF HEALTH AND HUMAN SERVICES","NATIONAL INSTITUTES OF HEALTH",329,2.54,-32,-0.23
"108","BO","OFFICE OF MANAGEMENT AND BUDGET","OFFICE OF MANAGEMENT AND BUDGET",26,5.82,-31,-6.42
"109","CM","DEPARTMENT OF COMMERCE","OFFICE OF THE SECRETARY",5,0.64,-31,-4.13
"110","TD","DEPARTMENT OF TRANSPORTATION","FEDERAL RAILROAD ADMINISTRATION",8,0.98,-30,-3.21
"111","AF","DEPARTMENT OF THE AIR FORCE","U.S. SPECIAL OPERATIONS COMMAND (ANG, TITLE 32)",-26,-12.26,-29,-15.34
"112","HU","DEPARTMENT OF HOUSING AND URBAN DEVELOPMENT","OFFICE OF INSPECTOR GENERAL",4,0.63,-29,-4.84
"113","CM","DEPARTMENT OF COMMERCE","NATIONAL TECHNICAL INFORMATION SERVICE",3,2.52,-28,-30.11
"114","DL","DEPARTMENT OF LABOR","OFFICE OF THE ASSISTANT SECRETARY FOR ADMINISTRATION AND MANAGEMENT",8,1.24,-28,-3.59
"115","DN","DEPARTMENT OF ENERGY","FEDERAL ENERGY REGULATORY COMMISSION",NA,NA,-28,-1.94
"116","HU","DEPARTMENT OF HOUSING AND URBAN DEVELOPMENT","ASSISTANT SECRETARY FOR PUBLIC AND INDIAN HOUSING",41,6.87,-27,-4.02
"117","IN","DEPARTMENT OF THE INTERIOR","BUREAU OF SAFETY AND ENVIRONMENTAL ENFORCEMENT",NA,NA,-27,-3.08
"118","HU","DEPARTMENT OF HOUSING AND URBAN DEVELOPMENT","OFFICE OF THE SENIOR COORDINATOR FOR PACIFIC/HAWAII",-24,-3.89,-26,-5.07
"119","AF","DEPARTMENT OF THE AIR FORCE","AIR NATIONAL GUARD",29,4.62,-26,-4.26
"120","DD","DEPARTMENT OF DEFENSE","DEFENSE SECURITY SERVICE",111,18.62,-26,-3.04
"121","DD","DEPARTMENT OF DEFENSE","PENTAGON FORCE PROTECTION AGENCY",145,14.92,-26,-2.27
"122","AF","DEPARTMENT OF THE AIR FORCE","AF INSTALLATION AND MISSION SUPPORT",NA,NA,-26,-1.18
"123","TR","DEPARTMENT OF THE TREASURY","OFFICE OF THE INSPECTOR GENERAL FOR TAX ADMINISTRATION",19,2.37,-25,-3.08
"124","AF","DEPARTMENT OF THE AIR FORCE","AIR FORCE DISTRICT OF WASHINGTON",24,1.88,-25,-2.54
"125","DL","DEPARTMENT OF LABOR","EMPLOYMENT AND TRAINING ADMINISTRATION",-15,-1.64,-25,-2.2
"126","TD","DEPARTMENT OF TRANSPORTATION","FEDERAL MOTOR CARRIER SAFETY ADMINISTRATION",9,0.85,-25,-2.13
"127","CM","DEPARTMENT OF COMMERCE","INTERNATIONAL TRADE ADMINISTRATION",12,0.85,-25,-1.9
"128","VA","DEPARTMENT OF VETERANS AFFAIRS","GENERAL COUNSEL",31,4.49,-24,-3.3
"129","RR","RAILROAD RETIREMENT BOARD","RAILROAD RETIREMENT BOARD",4,0.42,-24,-2.64
"130","AG","DEPARTMENT OF AGRICULTURE","NATIONAL AGRICULTURAL STATISTICS SERVICE",10,0.95,-24,-2.51
"131","IB","BROADCASTING BOARD OF GOVERNORS","BROADCASTING BOARD OF GOVERNORS",7,0.42,-24,-1.64
"132","AF","DEPARTMENT OF THE AIR FORCE","AIR FORCE GLOBAL STRIKE COMMAND",NA,NA,-24,-0.63
"133","TR","DEPARTMENT OF THE TREASURY","OFFICE OF THE COMPTROLLER OF THE CURRENCY",76,2.52,-24,-0.61
"134","AG","DEPARTMENT OF AGRICULTURE","ANIMAL AND PLANT HEALTH INSPECTION SERVICE",48,0.79,-24,-0.41
"135","SM","SMITHSONIAN INSTITUTION","NATIONAL GALLERY OF ART",18,2.21,-23,-2.82
"136","BG","PENSION BENEFIT GUARANTY CORPORATION","PENSION BENEFIT GUARANTY CORPORATION",24,2.85,-23,-2.47
"137","AF","DEPARTMENT OF THE AIR FORCE","U.S. AIR FORCE ACADEMY",31,3.11,-23,-2.39
"138","GB","OVERSEAS PRIVATE INVESTMENT CORPORATION","OVERSEAS PRIVATE INVESTMENT CORPORATION",4,2.13,-22,-8.73
"139","HU","DEPARTMENT OF HOUSING AND URBAN DEVELOPMENT","ATLANTIC",-17,-2.7,-22,-5
"140","SK","CONSUMER PRODUCT SAFETY COMMISSION","CONSUMER PRODUCT SAFETY COMMISSION",18,4.28,-22,-4.14
"141","AR","DEPARTMENT OF THE ARMY","U. S. ARMY CONTRACTING COMMAND",436,10.6,-22,-0.46
"142","KS","CORPORATION FOR NATIONAL AND COMMUNITY SERVICE","CORPORATION FOR NATIONAL AND COMMUNITY SERVICE",3,0.59,-21,-3.7
"143","AF","DEPARTMENT OF THE AIR FORCE","AIR FORCE AUDIT AGENCY",4,0.55,-21,-3.57
"144","NV","DEPARTMENT OF THE NAVY","NAVAL SPECIAL WARFARE COMMAND",86,9.63,-21,-1.72
"145","VA","DEPARTMENT OF VETERANS AFFAIRS","ASSISTANT SECRETARY FOR HUMAN RESOURCES MANAGEMENT",-10,-6.29,-20,-11.24
"146","IN","DEPARTMENT OF THE INTERIOR","OFFICE OF SURFACE MINING, RECLAMATION AND ENFORCEMENT",-1,-0.19,-20,-4.59
"147","HU","DEPARTMENT OF HOUSING AND URBAN DEVELOPMENT","OFFICE OF THE SENIOR COORDINATOR FOR MIDWEST",-3,-0.45,-20,-3.7
"148","VA","DEPARTMENT OF VETERANS AFFAIRS","VETERAN EMPLOYMENT SERVICES OFFICE",NA,NA,-19,-70.37
"149","ED","DEPARTMENT OF EDUCATION","OFFICE OF ELEMENTARY AND SECONDARY EDUCATION",4,1.9,-19,-8.56
"150","GS","GENERAL SERVICES ADMINISTRATION","OFFICE OF THE HUMAN RESOURCES MANAGEMENT",-3,-1.27,-19,-5.94
"151","TB","NATIONAL TRANSPORTATION SAFETY BOARD","NATIONAL TRANSPORTATION SAFETY BOARD",-10,-2.6,-19,-4.62
"152","AR","DEPARTMENT OF THE ARMY","IMMEDIATE OFFICE OF THE CHIEF OF STAFF OF THE ARMY",145,10.08,-19,-1.32
"153","HS","DEPARTMENT OF HOMELAND SECURITY","SCIENCE AND TECHNOLOGY DIRECTORATE",33,10,-18,-3.97
"154","AR","DEPARTMENT OF THE ARMY","JOINT ACTIVITIES",303,21.04,-18,-0.94
"155","ED","DEPARTMENT OF EDUCATION","OFFICE OF MANAGEMENT",-8,-4,-16,-8
"156","HU","DEPARTMENT OF HOUSING AND URBAN DEVELOPMENT","OFFICE OF THE SENIOR COORDINATOR FOR SOUTHWEST",-14,-2.34,-16,-3.69
"157","DJ","DEPARTMENT OF JUSTICE","OFFICE OF THE INSPECTOR GENERAL",15,3.65,-16,-3.27
"158","HE","DEPARTMENT OF HEALTH AND HUMAN SERVICES","SUBSTANCE ABUSE AND MENTAL HEALTH SERVICES ADMINISTRATION",1,0.22,-16,-3.03
"159","TD","DEPARTMENT OF TRANSPORTATION","MARITIME ADMINISTRATION",12,1.72,-16,-2.36
"160","VA","DEPARTMENT OF VETERANS AFFAIRS","DEPUTY ASSISTANT SECRETARY FOR ACQUISTION AND LOGISTICS",0,0,-16,-1.5
"161","AG","DEPARTMENT OF AGRICULTURE","OFFICE OF THE SECRETARY OF AGRICULTURE",11,34.38,-15,-22.73
"162","CM","DEPARTMENT OF COMMERCE","OFFICE OF THE INSPECTOR GENERAL",22,19.64,-15,-8.72
"163","HE","DEPARTMENT OF HEALTH AND HUMAN SERVICES","ADMINISTRATION FOR COMMUNITY LIVING",-4,-4.17,-15,-7.5
"164","FL","FARM CREDIT ADMINISTRATION","FARM CREDIT ADMINISTRATION",13,5.08,-15,-5.07
"165","CT","COMMODITY FUTURES TRADING COMMISSION","COMMODITY FUTURES TRADING COMMISSION",76,16.49,-15,-2.15
"166","FQ","COURT SERVICES AND OFFENDER SUPERVISION AGENCY FOR THE DISTRICT OF COLUMBIA","OFFICE OF THE DIRECTOR",27,3.26,-15,-1.78
"167","TD","DEPARTMENT OF TRANSPORTATION","OFFICE OF THE SECRETARY OF TRANSPORTATION",25,4.13,-15,-1.08
"168","DD","DEPARTMENT OF DEFENSE","WASHINGTON HEADQUARTERS SERVICES",63,5.1,-15,-0.77
"169","AH","NATIONAL FOUNDATION ON THE ARTS AND THE HUMANITIES","NATIONAL ENDOWMENT FOR THE HUMANITIES",-2,-1.34,-14,-10.61
"170","DL","DEPARTMENT OF LABOR","VETERANS EMPLOYMENT AND TRAINING SERVICES",0,0,-14,-5.81
"171","IN","DEPARTMENT OF THE INTERIOR","OFFICE OF THE SOLICITOR",-3,-0.83,-14,-4.23
"172","NV","DEPARTMENT OF THE NAVY","NAVY RESERVE FORCE",28,6.62,-14,-3.02
"173","DL","DEPARTMENT OF LABOR","OFFICE OF THE SOLICITOR",36,6.14,-14,-2.09
"174","VA","DEPARTMENT OF VETERANS AFFAIRS","DEPUTY ASSISTANT SECRETARY FOR PROGRAM AND DATA ANALYSIS",2,11.76,-13,-76.47
"175","AG","DEPARTMENT OF AGRICULTURE","OFFICE OF THE GENERAL COUNSEL",4,1.29,-13,-4.68
"176","AG","DEPARTMENT OF AGRICULTURE","ECONOMIC RESEARCH SERVICE",10,2.82,-13,-4.1
"177","HU","DEPARTMENT OF HOUSING AND URBAN DEVELOPMENT","OFFICE OF THE SENIOR COORDINATOR FOR NEW YORK/NEW JERSEY",-12,-2.91,-13,-3.77
"178","EB","IMPORT BANK OF THE UNITED STATES","IMPORT BANK OF THE UNITED STATES",6,1.7,-13,-2.97
"179","DJ","DEPARTMENT OF JUSTICE","OFFICE OF JUSTICE PROGRAMS",40,6.4,-13,-1.85
"180","DD","DEPARTMENT OF DEFENSE","ORGANIZATION OF THE JOINT CHIEFS OF STAFF",10,5,-13,-1.46
"181","DD","DEPARTMENT OF DEFENSE","DEFENSE TECHNICAL INFORMATION CENTER",-1,-0.35,-12,-5.48
"182","AG","DEPARTMENT OF AGRICULTURE","OFFICE OF THE CHIEF INFORMATION OFFICER",-6,-0.63,-12,-1.21
"183","HE","DEPARTMENT OF HEALTH AND HUMAN SERVICES","OFFICE OF THE SECRETARY OF HEALTH AND HUMAN SERVICES",105,2.8,-12,-0.36
"184","ED","DEPARTMENT OF EDUCATION","OFFICE OF PLANNING, EVALUATION AND POLICY DEVELOPMENT",2,1.64,-11,-12.09
"185","TD","DEPARTMENT OF TRANSPORTATION","SURFACE TRANSPORTATION BOARD",4,2.96,-11,-8.73
"186","HU","DEPARTMENT OF HOUSING AND URBAN DEVELOPMENT","OFFICE OF THE SENIOR COORDINATOR FOR NEW ENGLAND",-1,-0.43,-11,-6.47
"187","IN","DEPARTMENT OF THE INTERIOR","OFFICE OF THE INSPECTOR GENERAL",15,5.73,-11,-4.17
"188","AG","DEPARTMENT OF AGRICULTURE","NATIONAL INSTITUTE OF FOOD AND AGRICULTURE",10,3.16,-11,-3.47
"189","TD","DEPARTMENT OF TRANSPORTATION","PIPELINE AND HAZARDOUS MATERIALS SAFETY ADMINISTRATION",6,1.67,-11,-2.01
"190","AR","DEPARTMENT OF THE ARMY","OFFICE OF THE SECRETARY OF THE ARMY",61,6.9,-11,-1.23
"191","HE","DEPARTMENT OF HEALTH AND HUMAN SERVICES","INDIAN HEALTH SERVICE",453,3.58,-11,-0.08
"192","CM","DEPARTMENT OF COMMERCE","MINORITY BUSINESS DEVELOPMENT AGENCY",6,8.22,-10,-18.87
"193","AF","DEPARTMENT OF THE AIR FORCE","AIR FORCE MEDICAL SUPPORT AGENCY",-13,-17.11,-10,-12.82
"194","HU","DEPARTMENT OF HOUSING AND URBAN DEVELOPMENT","OFFICE OF THE CHIEF INFORMATION OFFICER",6,2.4,-10,-4.61
"195","AR","DEPARTMENT OF THE ARMY","U.S. ARMY MILITARY DISTRICT OF WASHINGTON",1,0.25,-10,-3.88
"196","IN","DEPARTMENT OF THE INTERIOR","BUREAU OF OCEAN ENERGY MANAGEMENT",NA,NA,-10,-1.74
"197","AF","DEPARTMENT OF THE AIR FORCE","NATIONAL AIR AND SPACE INTELLIGENCE CENTER",NA,NA,-10,-0.69
"198","DL","DEPARTMENT OF LABOR","WOMEN'S BUREAU",-1,-2,-9,-18.37
"199","ED","DEPARTMENT OF EDUCATION","OFFICE OF POSTSECONDARY EDUCATION",-7,-3.32,-9,-5.11
"200","AR","DEPARTMENT OF THE ARMY","US ARMY AFRICA/SOUTHERN EUROPEAN TASK FORCE (USAFRAF/SETAF)",NA,NA,-9,-4.57
"201","HU","DEPARTMENT OF HOUSING AND URBAN DEVELOPMENT","ASSISTANT SECRETARY FOR COMMUNITY PLANNING AND DEVELOPMENT",34,16.5,-9,-3.77
"202","DL","DEPARTMENT OF LABOR","OFFICE OF THE SECRETARY OF LABOR",1,0.25,-9,-3.53
"203","VA","DEPARTMENT OF VETERANS AFFAIRS","DEPUTY ASSISTANT SECRETARY FOR OFFICE OF RESOLUTION MANAGEMENT",17,8.29,-9,-3.46
"204","AR","DEPARTMENT OF THE ARMY","MATERIEL ACQUISITION ACTIVITIES",-25,-17.12,-9,-2.67
"205","AR","DEPARTMENT OF THE ARMY","U.S. MILITARY ACADEMY",30,6.49,-9,-1.83
"206","ED","DEPARTMENT OF EDUCATION","OFFICE OF THE GENERAL COUNSEL",-1,-0.96,-8,-7.14
"207","ED","DEPARTMENT OF EDUCATION","OFFICE OF THE CHIEF INFORMATION OFFICER",-5,-3.52,-8,-6.35
"208","ED","DEPARTMENT OF EDUCATION","OFFICE OF THE CHIEF FINANCIAL OFFICER",2,1.13,-8,-4.6
"209","HE","DEPARTMENT OF HEALTH AND HUMAN SERVICES","AGENCY FOR HEALTHCARE RESEARCH AND QUALITY",12,5.15,-8,-3.05
"210","TR","DEPARTMENT OF THE TREASURY","FINANCIAL CRIMES ENFORCEMENT NETWORK",30,10.24,-8,-2.91
"211","HU","DEPARTMENT OF HOUSING AND URBAN DEVELOPMENT","OFFICE OF THE SENIOR COORDINATOR FOR ROCKY MOUNTAINS",-20,-5.73,-8,-2.61
"212","AG","DEPARTMENT OF AGRICULTURE","RISK MANAGEMENT AGENCY",10,2.09,-8,-1.7
"213","AR","DEPARTMENT OF THE ARMY","U. S. ARMY SPACE AND MISSILE DEFENSE COMMAND/U. S. ARMY FORCES STRATEGIC COMMAND",35,4.27,-8,-0.97
"214","JL","JUDICIAL BRANCH","U.S. TAX COURT",NA,NA,-7,-5.34
"215","TD","DEPARTMENT OF TRANSPORTATION","SAINT LAWRENCE SEAWAY DEVELOPMENT CORPORATION",-3,-2.26,-7,-5.26
"216","AR","DEPARTMENT OF THE ARMY","U.S. ARMY ELEMENT SHAPE",8,6.15,-7,-4.61
"217","DD","DEPARTMENT OF DEFENSE","NATIONAL DEFENSE UNIVERSITY",29,12.39,-7,-3.4
"218","ED","DEPARTMENT OF EDUCATION","OFFICE OF SPECIAL EDUCATION AND REHABILITATIVE SERVICES",-4,-1.48,-7,-3.37
"219","AR","DEPARTMENT OF THE ARMY","MATERIEL READINESS ACTIVITIES",-2,-0.6,-7,-2.39
"220","NN","NATIONAL AERONAUTICS AND SPACE ADMINISTRATION","JOHN C. STENNIS SPACE CENTER",-2,-0.77,-7,-2.32
"221","TD","DEPARTMENT OF TRANSPORTATION","OFFICE OF INSPECTOR GENERAL",21,5.16,-7,-1.75
"222","DD","DEPARTMENT OF DEFENSE","DEFENSE MEDIA ACTIVITY",NA,NA,-7,-1.22
"223","FT","FEDERAL TRADE COMMISSION","FEDERAL TRADE COMMISSION",22,2.18,-7,-0.65
"224","NN","NATIONAL AERONAUTICS AND SPACE ADMINISTRATION","JOHN GLENN RESEARCH CENTER AT LEWIS FIELD",-26,-1.66,-7,-0.46
"225","CM","DEPARTMENT OF COMMERCE","ECONOMICS AND STATISTICS ADMINISTRATION",1,2.5,-6,-16.67
"226","AU","FEDERAL LABOR RELATIONS AUTHORITY","FEDERAL LABOR RELATIONS AUTHORITY",5,4.5,-6,-4.88
"227","TR","DEPARTMENT OF THE TREASURY","SPECIAL INSPECTOR GENERAL FOR THE TROUBLED ASSETS RELIEF PROGRAM (TARP)",NA,NA,-6,-4.65
"228","HF","FEDERAL HOUSING FINANCE AGENCY","OFFICE OF INSPECTOR GENERAL",NA,NA,-6,-4.44
"229","HU","DEPARTMENT OF HOUSING AND URBAN DEVELOPMENT","OFFICE OF THE SENIOR COORDINATOR FOR GREAT PLAINS",-1,-0.49,-6,-3.64
"230","AR","DEPARTMENT OF THE ARMY","U.S. ARMY NATIONAL MILITARY CEMETERIES",NA,NA,-6,-3.47
"231","FQ","COURT SERVICES AND OFFENDER SUPERVISION AGENCY FOR THE DISTRICT OF COLUMBIA","PRETRIAL SERVICES AGENCY",23,6.61,-6,-1.74
"232","TD","DEPARTMENT OF TRANSPORTATION","FEDERAL TRANSIT ADMINISTRATION",2,0.39,-6,-1.1
"233","NV","DEPARTMENT OF THE NAVY","STRATEGIC SYSTEMS PROGRAMS OFFICE",56,6.65,-6,-0.51
"234","VD","PRIVACY AND CIVIL LIBERTIES OVERSIGHT BOARD","PRIVACY AND CIVIL LIBERTIES OVERSIGHT BOARD",NA,NA,-5,-25
"235","DD","DEPARTMENT OF DEFENSE","OFFICE OF ECONOMIC ADJUSTMENT",2,5.71,-5,-14.71
"236","AH","NATIONAL FOUNDATION ON THE ARTS AND THE HUMANITIES","NATIONAL ENDOWMENT FOR THE ARTS",3,2.14,-5,-4.07
"237","TN","OFFICE OF THE U.S. TRADE REPRESENTATIVE","OFFICE OF THE U.S. TRADE REPRESENTATIVE",5,2.43,-5,-2.45
"238","FM","FEDERAL MEDIATION AND CONCILIATION SERVICE","FEDERAL MEDIATION AND CONCILIATION SERVICE",-1,-0.4,-5,-2.2
"239","ED","DEPARTMENT OF EDUCATION","OFFICE OF INSPECTOR GENERAL",13,4.78,-5,-2.14
"240","LF","FEDERAL ELECTION COMMISSION","FEDERAL ELECTION COMMISSION",10,2.94,-5,-1.58
"241","DL","DEPARTMENT OF LABOR","OFFICE OF THE INSPECTOR GENERAL",11,2.77,-5,-1.44
"242","AF","DEPARTMENT OF THE AIR FORCE","AIR FORCE ELEMENTS, U.S. CENTRAL COMMAND",39,30.47,-5,-1.42
"243","HE","DEPARTMENT OF HEALTH AND HUMAN SERVICES","PROGRAM SUPPORT CENTER",-16,-1.42,-5,-1.28
"244","AG","DEPARTMENT OF AGRICULTURE","DEPARTMENTAL ADMINISTRATION",-9,-1.84,-5,-1.2
"245","CM","DEPARTMENT OF COMMERCE","BUREAU OF ECONOMIC ANALYSIS",13,2.61,-5,-1.05
"246","GS","GENERAL SERVICES ADMINISTRATION","OFFICE OF THE CHIEF FINANCIAL OFFICER",2,0.37,-5,-0.9
"247","HS","DEPARTMENT OF HOMELAND SECURITY","FEDERAL LAW ENFORCEMENT TRAINING CENTERS",1,0.1,-5,-0.46
"248","AF","DEPARTMENT OF THE AIR FORCE","AIR FORCE PERSONNEL CENTER",-174,-20.09,-5,-0.36
"249","VA","DEPARTMENT OF VETERANS AFFAIRS","DEPUTY ASSISTANT SECRETARY FOR PLANNING AND EVALUATION",-3,-10.71,-4,-57.14
"250","AF","DEPARTMENT OF THE AIR FORCE","AIR FORCE PUBLIC AFFAIRS AGENCY",NA,NA,-4,-11.11
"251","NM","NATIONAL MEDIATION BOARD","NATIONAL MEDIATION BOARD",0,0,-4,-11.11
"252","DL","DEPARTMENT OF LABOR","OFFICE OF DISABILITY EMPLOYMENT POLICY",1,2.78,-4,-8.16
"253","VA","DEPARTMENT OF VETERANS AFFAIRS","DEPUTY ASSISTANT SECRETARY FOR ADMINISTRATION",-5,-5.05,-4,-6.25
"254","GG","OFFICE OF GOVERNMENT ETHICS","OFFICE OF GOVERNMENT ETHICS",-4,-5.48,-4,-5.97
"255","ED","DEPARTMENT OF EDUCATION","IMMEDIATE OFFICE OF THE SECRETARY OF EDUCATION",-1,-1.05,-4,-5.88
"256","VA","DEPARTMENT OF VETERANS AFFAIRS","IMMEDIATE OFFICE OF THE ASSISTANT SECRETARY FOR MANAGEMENT",0,0,-4,-5
"257","ED","DEPARTMENT OF EDUCATION","OFFICE OF COMMUNICATIONS AND OUTREACH",0,0,-4,-4.76
"258","BF","DEFENSE NUCLEAR FACILITIES SAFETY BOARD","DEFENSE NUCLEAR FACILITIES SAFETY BOARD",7,7.78,-4,-3.64
"259","HU","DEPARTMENT OF HOUSING AND URBAN DEVELOPMENT","OFFICE OF THE SENIOR COORDINATOR FOR NORTHWEST/ALASKA",-6,-2.84,-4,-3.01
"260","GS","GENERAL SERVICES ADMINISTRATION","OFFICE OF GENERAL COUNSEL",5,3.73,-4,-2.68
"261","HD","U.S. HOLOCAUST MEMORIAL MUSEUM","U.S. HOLOCAUST MEMORIAL MUSEUM",0,0,-4,-2.44
"262","DD","DEPARTMENT OF DEFENSE","DEFENSE ACQUISITION UNIVERSITY",NA,NA,-4,-2.37
"263","DL","DEPARTMENT OF LABOR","MANAGEMENT STANDARDS",NA,NA,-4,-2.01
"264","TR","DEPARTMENT OF THE TREASURY","ALCOHOL AND TOBACCO TAX AND TRADE BUREAU",-5,-0.96,-4,-0.82
"265","AF","DEPARTMENT OF THE AIR FORCE","U.S. NORTHERN COMMAND",41,9.69,-4,-0.64
"266","VA","DEPARTMENT OF VETERANS AFFAIRS","IMMEDIATE OFFICE OF THE ASSISTANT SECRETARY FOR HUMAN RESOURCES AND ADMINISTRATION",2,28.57,-3,-25
"267","AA","ADMINISTRATIVE CONFERENCE OF THE UNITED STATES","ADMINISTRATIVE CONFERENCE OF THE UNITED STATES",NA,NA,-3,-23.08
"268","GS","GENERAL SERVICES ADMINISTRATION","CIVILIAN BOARD OF CONTRACT APPEALS",-1,-2.78,-3,-9.09
"269","RE","OFFICE OF NAVAJO AND HOPI INDIAN RELOCATION","OFFICE OF NAVAJO AND HOPI INDIAN RELOCATION",1,2.27,-3,-8.82
"270","EW","TRADE AND DEVELOPMENT AGENCY","TRADE AND DEVELOPMENT AGENCY",0,0,-3,-6.67
"271","AG","DEPARTMENT OF AGRICULTURE","COOPERATIVE SERVICE",2,2.41,-3,-3.19
"272","DL","DEPARTMENT OF LABOR","BUREAU OF INTERNATIONAL LABOR AFFAIRS",0,0,-3,-2.61
"273","DD","DEPARTMENT OF DEFENSE","DEFENSE TECHNOLOGY SECURITY ADMINISTRATION",-7,-5.07,-3,-2.42
"274","FW","OFFICE OF SPECIAL COUNSEL","OFFICE OF SPECIAL COUNSEL",2,2.06,-3,-2.31
"275","CM","DEPARTMENT OF COMMERCE","ECONOMIC DEVELOPMENT ADMINISTRATION",0,0,-3,-1.69
"276","AG","DEPARTMENT OF AGRICULTURE","RURAL UTILITIES SERVICE",-2,-0.64,-3,-1.14
"277","HU","DEPARTMENT OF HOUSING AND URBAN DEVELOPMENT","OFFICE OF GENERAL COUNSEL",-11,-3.19,-3,-1.06
"278","DD","DEPARTMENT OF DEFENSE","UNIFORMED SERVICES UNIVERSITY OF THE HEALTH SCIENCES",NA,NA,-3,-0.56
"279","AF","DEPARTMENT OF THE AIR FORCE","AIR NATIONAL GUARD SUPPORT CENTER",42,8.71,-3,-0.4
"280","NN","NATIONAL AERONAUTICS AND SPACE ADMINISTRATION","GEORGE C. MARSHALL SPACE FLIGHT CENTER",-57,-2.33,-3,-0.13
"281","EQ","COUNCIL ON ENVIRONMENTAL QUALITY/OFFICE OF ENVIRONMENTAL QUALITY","COUNCIL ON ENVIRONMENTAL QUALITY/OFFICE OF ENVIRONMENTAL QUALITY",0,0,-2,-40
"282","DL","DEPARTMENT OF LABOR","OFFICE OF CONGRESSIONAL AND INTERGOVERNMENTAL AFFAIRS",3,60,-2,-25
"283","NS","NATIONAL SECURITY COUNCIL","NATIONAL SECURITY COUNCIL",-1,-4.35,-2,-20
"284","ED","DEPARTMENT OF EDUCATION","OFFICE OF LEGISLATION AND CONGRESSIONAL AFFAIRS",1,8.33,-2,-18.18
"285","HU","DEPARTMENT OF HOUSING AND URBAN DEVELOPMENT","ASSISTANT SECRETARY FOR PUBLIC AFFAIRS",5,55.56,-2,-15.38
"286","TS","OFFICE OF SCIENCE AND TECHNOLOGY POLICY","OFFICE OF SCIENCE AND TECHNOLOGY POLICY",-1,-6.25,-2,-14.29
"287","DQ","DENALI COMMISSION","DENALI COMMISSION",NA,NA,-2,-12.5
"288","VA","DEPARTMENT OF VETERANS AFFAIRS","MY VA INITIATIVE",NA,NA,-2,-12.5
"289","AF","DEPARTMENT OF THE AIR FORCE","AIR FORCE INSPECTION AGENCY (FO)",7,30.43,-2,-8
"290","HU","DEPARTMENT OF HOUSING AND URBAN DEVELOPMENT","OFFICE OF THE SECRETARY OF HOUSING AND URBAN DEVELOPMENT",-7,-24.14,-2,-8
"291","VA","DEPARTMENT OF VETERANS AFFAIRS","ASSISTANT SECRETARY FOR DIVERSITY & INCLUSION",1,7.14,-2,-8
"292","DD","DEPARTMENT OF DEFENSE","U.S. COURT OF APPEALS FOR THE ARMED FORCES",-2,-6.45,-2,-7.14
"293","SM","SMITHSONIAN INSTITUTION","WOODROW WILSON INTERNATIONAL CENTER FOR SCHOLARS",0,0,-2,-7.14
"294","ED","DEPARTMENT OF EDUCATION","OFFICE OF THE DUTY SECRETARY OF EDUCATION",-1,-16.67,-2,-5.56
"295","AF","DEPARTMENT OF THE AIR FORCE","AIR FORCE HISTORICAL RESEARCH AGENCY",6,11.76,-2,-5.41
"296","AG","DEPARTMENT OF AGRICULTURE","OFFICE OF BUDGET AND PROGRAM ANALYSIS",-3,-6.12,-2,-4.35
"297","RS","FEDERAL MINE SAFETY AND HEALTH REVIEW COMMISSION","FEDERAL MINE SAFETY AND HEALTH REVIEW COMMISSION",-2,-5.88,-2,-4.35
"298","ED","DEPARTMENT OF EDUCATION","OFFICE OF INNOVATION AND IMPROVEMENT",-6,-6.98,-2,-2.7
"299","VA","DEPARTMENT OF VETERANS AFFAIRS","IMMEDIATE OFFICE OF THE ASSISTANT SECRETARY FOR INFORMATION AND TECHNOLOGY",NA,NA,-2,-1.52
"300","HU","DEPARTMENT OF HOUSING AND URBAN DEVELOPMENT","OFFICE OF THE CHIEF FINANCIAL OFFICER",-3,-1.82,-2,-1.32
"301","ED","DEPARTMENT OF EDUCATION","INSTITUTE OF EDUCATION SCIENCES",-4,-2.48,-2,-1.3
"302","AF","DEPARTMENT OF THE AIR FORCE","AIR FORCE MEDICAL OPERATIONS AGENCY",21,24.71,-2,-1.06
"303","HE","DEPARTMENT OF HEALTH AND HUMAN SERVICES","AGENCY FOR TOXIC SUBSTANCES AND DISEASE REGISTRY",-15,-7.77,-2,-0.97
"304","AR","DEPARTMENT OF THE ARMY","U.S. ARMY SOUTH",18,7.47,-2,-0.89
"305","EC","OFFICE OF ADMINISTRATION","OFFICE OF ADMINISTRATION",-10,-4.57,-2,-0.87
"306","CM","DEPARTMENT OF COMMERCE","BUREAU OF INDUSTRY AND SECURITY",-13,-3.89,-2,-0.54
"307","AR","DEPARTMENT OF THE ARMY","U.S. ARMY, PACIFIC",28,4.14,-2,-0.16
"308","CM","DEPARTMENT OF COMMERCE","NATIONAL INSTITUTE OF STANDARDS AND TECHNOLOGY",58,2.21,-2,-0.07
"309","GS","GENERAL SERVICES ADMINISTRATION","OFFICE OF THE CUSTOMER EXPERIENCE",NA,NA,-1,-33.33
"310","HT","HARRY S. TRUMAN SCHOLARSHIP FOUNDATION","HARRY S. TRUMAN SCHOLARSHIP FOUNDATION",0,0,-1,-25
"311","HU","DEPARTMENT OF HOUSING AND URBAN DEVELOPMENT","BASED AND COMMUNITY INITIATIVES",-1,-12.5,-1,-16.67
"312","ED","DEPARTMENT OF EDUCATION","NATIONAL ASSESSMENT GOVERNING BOARD",0,0,-1,-14.29
"313","HU","DEPARTMENT OF HOUSING AND URBAN DEVELOPMENT","ASSISTANT SECRETARY FOR CONGRESSIONAL AND INTERGOVERNMENTAL RELATIONS",-1,-11.11,-1,-14.29
"314","NK","NATIONAL COUNCIL ON DISABILITY","NATIONAL COUNCIL ON DISABILITY",0,0,-1,-12.5
"315","CF","COMMISSION OF FINE ARTS","COMMISSION OF FINE ARTS",0,0,-1,-7.69
"316","ED","DEPARTMENT OF EDUCATION","OFFICE OF THE UNDER SECRETARY",-2,-66.67,-1,-7.69
"317","MA","MARINE MAMMAL COMMISSION","MARINE MAMMAL COMMISSION",0,0,-1,-7.69
"318","VA","DEPARTMENT OF VETERANS AFFAIRS","IMMEDIATE OFFICE OF THE ASSISTANT SECRETARY FOR OPERATIONS, SECURITY, AND PREPAREDNESS",NA,NA,-1,-7.69
"319","VA","DEPARTMENT OF VETERANS AFFAIRS","OFFICE OF ENTERPRISE OPERATIONS",NA,NA,-1,-5.26
"320","AG","DEPARTMENT OF AGRICULTURE","OFFICE OF THE EXECUTIVE SECRETARIAT",-3,-13.64,-1,-5
"321","DD","DEPARTMENT OF DEFENSE","DEPARTMENT OF DEFENSE TEST RESOURCE MANAGEMENT CENTER",7,38.89,-1,-3.57
"322","VA","DEPARTMENT OF VETERANS AFFAIRS","OFFICE OF THE ASSISTANT SECRETARY FOR PUBLIC AND INTERGOVERNMENTAL AFFAIRS",4,57.14,-1,-3.57
"323","AN","AFRICAN DEVELOPMENT FOUNDATION","AFRICAN DEVELOPMENT FOUNDATION",-2,-10.53,-1,-2.94
"324","HP","ADVISORY COUNCIL ON HISTORIC PRESERVATION","ADVISORY COUNCIL ON HISTORIC PRESERVATION",0,0,-1,-2.7
"325","IF","AMERICAN FOUNDATION","AMERICAN FOUNDATION",-5,-13.16,-1,-2.7
"326","GS","GENERAL SERVICES ADMINISTRATION","OFFICE OF SMALL BUSINESS UTILIZATION",-2,-22.22,-1,-2.63
"327","AG","DEPARTMENT OF AGRICULTURE","OFFICE OF ADVOCACY AND OUTREACH",NA,NA,-1,-2.44
"328","GS","GENERAL SERVICES ADMINISTRATION","OFFICES OF THE REGIONAL ADMINISTRATORS",-15,-7.5,-1,-2.13
"329","AG","DEPARTMENT OF AGRICULTURE","OFFICE OF COMMUNICATIONS",2,2.7,-1,-1.79
"330","VA","DEPARTMENT OF VETERANS AFFAIRS","DEPUTY ASSISTANT SECRETARY FOR SECURITY AND LAW ENFORCEMENT",NA,NA,-1,-0.76
"331","HU","DEPARTMENT OF HOUSING AND URBAN DEVELOPMENT","GOVERNMENT NATIONAL MORTGAGE ASSOCIATION (GINNIE MAE)",1,1.75,-1,-0.75
"332","DD","DEPARTMENT OF DEFENSE","DEFENSE LEGAL SERVICES AGENCY",1,0.62,-1,-0.73
"333","AF","DEPARTMENT OF THE AIR FORCE","AIR FORCE LEGAL OPERATIONS AGENCY",53,30.81,-1,-0.42
"334","AR","DEPARTMENT OF THE ARMY","SEVENTH ARMY TRAINING COMMAND",2,0.7,-1,-0.36
"335","DD","DEPARTMENT OF DEFENSE","DEFENSE POW/MIA ACCOUNTING AGENCY",NA,NA,-1,-0.35
"336","AF","DEPARTMENT OF THE AIR FORCE","AIR FORCE ELEMENTS, U.S. SPECIAL OPERATIONS COMMAND",104,15.45,-1,-0.1
"337","AB","AMERICAN BATTLE MONUMENTS COMMISSION","AMERICAN BATTLE MONUMENTS COMMISSION",0,0,0,0
"338","AF","DEPARTMENT OF THE AIR FORCE","AIR FORCE OFFICE OF SPECIAL INVESTIGATIONS",-15,-2.5,0,0
"339","AF","DEPARTMENT OF THE AIR FORCE","AIR FORCE PETROLEUM AGENCY",0,0,0,0
"340","AF","DEPARTMENT OF THE AIR FORCE","AIR FORCE REVIEW BOARDS AGENCY",-1,-2.13,0,0
"341","AF","DEPARTMENT OF THE AIR FORCE","AIR FORCE SAFETY CENTER",5,8.62,0,0
"342","AP","APPALACHIAN REGIONAL COMMISSION","APPALACHIAN REGIONAL COMMISSION",0,0,0,0
"343","AR","DEPARTMENT OF THE ARMY","U.S. ARMY CHEMICAL MATERIALS ACTIVITY",5,0.35,0,0
"344","AW","ARCTIC RESEARCH COMMISSION","ARCTIC RESEARCH COMMISSION",-1,-25,0,0
"345","BK","JAMES MADISON MEMORIAL FELLOWSHIP FOUNDATION","JAMES MADISON MEMORIAL FELLOWSHIP FOUNDATION",0,0,0,0
"346","BW","NUCLEAR WASTE TECHNICAL REVIEW BOARD","NUCLEAR WASTE TECHNICAL REVIEW BOARD",-1,-10,0,0
"347","CE","COUNCIL OF ECONOMIC ADVISERS","COUNCIL OF ECONOMIC ADVISERS",1,20,0,0
"348","ED","DEPARTMENT OF EDUCATION","OFFICE OF ENGLISH LANGUAGE ACQUISITION",-2,-8.33,0,0
"349","ED","DEPARTMENT OF EDUCATION","OFFICE OF VOCATIONAL AND ADULT EDUCATION",0,0,0,0
"350","FI","FEDERAL FINANCIAL INSTITUTIONS EXAMINATION COUNCIL","FEDERAL FINANCIAL INSTITUTIONS EXAMINATION COUNCIL",2,28.57,0,0
"351","FJ","CHEMICAL SAFETY AND HAZARD INVESTIGATION BOARD","CHEMICAL SAFETY AND HAZARD INVESTIGATION BOARD",3,9.38,0,0
"352","FK","FARM CREDIT SYSTEM INSURANCE CORPORATION","FARM CREDIT SYSTEM INSURANCE CORPORATION",0,0,0,0
"353","GE","BARRY GOLDWATER SCHOLARSHIP AND EXCELLENCE IN EDUCATION FOUNDATION","BARRY GOLDWATER SCHOLARSHIP AND EXCELLENCE IN EDUCATION FOUNDATION",0,0,0,0
"354","GO","VIETNAM EDUCATION FOUNDATION","VIETNAM EDUCATION FOUNDATION",2,100,0,0
"355","GS","GENERAL SERVICES ADMINISTRATION","OFFICE OF CIVIL RIGHTS",1,10,0,0
"356","GS","GENERAL SERVICES ADMINISTRATION","OFFICE OF CONGRESSIONAL AND INTERGOVERNMENTAL AFFAIRS",1,16.67,0,0
"357","GY","INTERNATIONAL JOINT COMMISSION:  UNITED STATES AND CANADA","INTERNATIONAL JOINT COMMISSION:  UNITED STATES AND CANADA",-2,-15.38,0,0
"358","QQ","OFFICE OF NATIONAL DRUG CONTROL POLICY","OFFICE OF NATIONAL DRUG CONTROL POLICY",1,1.27,0,0
"359","UJ","UNITED STATES FRIENDSHIP COMMISSION","UNITED STATES FRIENDSHIP COMMISSION",0,0,0,0
"360","UT","UTAH RECLAMATION MITIGATION AND CONSERVATION COMMISSION","UTAH RECLAMATION MITIGATION AND CONSERVATION COMMISSION",0,0,0,0
"361","VA","DEPARTMENT OF VETERANS AFFAIRS","DEPUTY ASSISTANCE SECRETARY FOR INTERGOVERNMENTAL AFFAIRS",-1,-11.11,0,0
"362","VA","DEPARTMENT OF VETERANS AFFAIRS","DEPUTY ASSISTANT SECRETARY FOR CONGRESSIONAL AFFAIRS",-3,-9.09,0,0
"363","VA","DEPARTMENT OF VETERANS AFFAIRS","IMMEDIATE OFFICE OF THE ASSISTANT SECRETARY FOR CONGRESSIONAL AND LEGISLATIVE AFFAIRS",0,0,0,0
"364","AB","AMERICAN BATTLE MONUMENTS COMMISSION","UNSPECIFIED",NA,NA,0,0
"365","BH","COMMISSION FOR THE PRESERVATION OF AMERICA'S HERITAGE ABROAD","COMMISSION FOR THE PRESERVATION OF AMERICA'S HERITAGE ABROAD",NA,NA,0,0
"366","DG","NORTHERN BORDER REGIONAL COMMISSION","NORTHERN BORDER REGIONAL COMMISSION",NA,NA,0,0
"367","GS","GENERAL SERVICES ADMINISTRATION","OFFICE OF COMMUNICATIONS AND MARKETING",NA,NA,0,0
"368","VA","DEPARTMENT OF VETERANS AFFAIRS","DEPUTY ASSISTANT SECRETARY FOR CORPORATE SENIOR EXECUTIVE MANAGEMENT",NA,NA,0,0
"369","VA","DEPARTMENT OF VETERANS AFFAIRS","DEPUTY ASSISTANT SECRETARY FOR LABOR MANAGEMENT RELATIONS",NA,NA,0,0
"370","WX","WORLD WAR 1 CENTENNIAL COMMISSION","WORLD WAR 1 CENTENNIAL COMMISSION",NA,NA,0,0
"371","ZU","DWIGHT D. EISENHOWER MEMORIAL COMMISSION","DWIGHT D. EISENHOWER MEMORIAL COMMISSION",NA,NA,0,0
"372","DD","DEPARTMENT OF DEFENSE","DEFENSE HUMAN RESOURCES ACTIVITY",89,9.71,1,0.06
"373","LP","GOVERNMENT PRINTING OFFICE","GOVERNMENT PRINTING OFFICE",-59,-2.52,1,0.06
"374","AR","DEPARTMENT OF THE ARMY","U.S. ARMY NORTH",-5,-1.89,1,0.36
"375","AR","DEPARTMENT OF THE ARMY","21ST THEATER SUSTAINMENT COMMAND (TSC)",18,7.86,1,0.39
"376","AR","DEPARTMENT OF THE ARMY","U.S. ARMY WAR COLLEGE",24,8.82,1,0.4
"377","AG","DEPARTMENT OF AGRICULTURE","CIVIL RIGHTS",3,2.33,1,0.76
"378","GS","GENERAL SERVICES ADMINISTRATION","OFFICE OF MISSION ASSURANCE",7,87.5,1,0.8
"379","AF","DEPARTMENT OF THE AIR FORCE","AIR FORCE ELEMENTS NORAD",14,51.85,1,1.14
"380","HU","DEPARTMENT OF HOUSING AND URBAN DEVELOPMENT","OFFICE OF FIELD POLICY AND MANAGEMENT",2,11.76,1,1.28
"381","AG","DEPARTMENT OF AGRICULTURE","OFFICE OF THE CHIEF ECONOMIST",2,3.85,1,2.04
"382","OS","OCCUPATIONAL SAFETY AND HEALTH REVIEW COMMISSION","OCCUPATIONAL SAFETY AND HEALTH REVIEW COMMISSION",-1,-2,1,2.04
"383","HU","DEPARTMENT OF HOUSING AND URBAN DEVELOPMENT","OFFICE OF HEALTHY HOMES AND LEAD HAZARD CONTROL",0,0,1,2.17
"384","SM","SMITHSONIAN INSTITUTION","JOHN F. KENNEDY CENTER FOR THE PERFORMING ARTS",-1,-2.13,1,2.27
"385","NP","NATIONAL CAPITAL PLANNING COMMISSION","NATIONAL CAPITAL PLANNING COMMISSION",-2,-5,1,2.94
"386","DL","DEPARTMENT OF LABOR","OFFICE OF THE ASSISTANT SECRETARY FOR POLICY",0,0,1,3.23
"387","HU","DEPARTMENT OF HOUSING AND URBAN DEVELOPMENT","OFFICE OF STRATEGIC PLANNING AND MANAGEMENT",NA,NA,1,3.23
"388","CC","COMMISSION ON CIVIL RIGHTS","COMMISSION ON CIVIL RIGHTS",-3,-8.11,1,3.85
"389","BT","ARCHITECTURAL AND TRANSPORTATION BARRIERS COMPLIANCE BOARD","ARCHITECTURAL AND TRANSPORTATION BARRIERS COMPLIANCE BOARD",1,3.7,1,4
"390","AF","DEPARTMENT OF THE AIR FORCE","AIR FORCE PROGRAM EXECUTIVE OFFICE",-3,-14.29,1,5.56
"391","HU","DEPARTMENT OF HOUSING AND URBAN DEVELOPMENT","OFFICE OF DEPARTMENTAL EQUAL EMPLOYMENT OPPORTUNITY",3,13.64,1,5.88
"392","EO","MORRIS K. UDALL AND STEWART L. UDALL FOUNDATION","MORRIS K. UDALL AND STEWART L. UDALL FOUNDATION",NA,NA,1,7.69
"393","IG","COUNCIL OF THE INSPECTORS GENERAL ON INTEGRITY AND EFFICIENCY","COUNCIL OF THE INSPECTORS GENERAL ON INTEGRITY AND EFFICIENCY",NA,NA,1,11.11
"394","GX","INTERNATIONAL BOUNDARY COMMISSION:  UNITED STATES AND CANADA","INTERNATIONAL BOUNDARY COMMISSION:  UNITED STATES AND CANADA",0,0,1,16.67
"395","AR","DEPARTMENT OF THE ARMY","U.S. ARMY JOINT MUNITIONS COMMAND",306,6.09,2,0.05
"396","NN","NATIONAL AERONAUTICS AND SPACE ADMINISTRATION","GODDARD SPACE FLIGHT CENTER",-21,-0.7,2,0.06
"397","VA","DEPARTMENT OF VETERANS AFFAIRS","NATIONAL CEMETERY ADMINISTRATION",68,4.57,2,0.11
"398","AR","DEPARTMENT OF THE ARMY","U.S. ARMY SECURITY ASSISTANCE COMMAND",2,0.47,2,0.4
"399","TC","U.S. INTERNATIONAL TRADE COMMISSION","U.S. INTERNATIONAL TRADE COMMISSION",9,2.7,2,0.58
"400","GS","GENERAL SERVICES ADMINISTRATION","OFFICE OF GOVERNMENTWIDE POLICY",3,2.22,2,1.08
"401","MC","FEDERAL MARITIME COMMISSION","FEDERAL MARITIME COMMISSION",5,4.46,2,1.77
"402","AF","DEPARTMENT OF THE AIR FORCE","HQ AF FLIGHT STANDARDS AGENCY",6,13.64,2,3.51
"403","AF","DEPARTMENT OF THE AIR FORCE","AIR FORCE AGENCY FOR MODELING/SIMULATION",NA,NA,2,15.38
"404","PU","PEACE CORPS","PEACE CORPS",-3,-27.27,2,200
"405","GS","GENERAL SERVICES ADMINISTRATION","OFFICE OF GSA IT",7,3.35,3,0.61
"406","BD","MERIT SYSTEMS PROTECTION BOARD","MERIT SYSTEMS PROTECTION BOARD",-3,-1.42,3,1.49
"407","DD","DEPARTMENT OF DEFENSE","DEFENSE MICROELECTRONICS ACTIVITY",NA,NA,3,1.49
"408","SS","SELECTIVE SERVICE SYSTEM","SELECTIVE SERVICE SYSTEM",4,3.42,3,2.4
"409","HU","DEPARTMENT OF HOUSING AND URBAN DEVELOPMENT","OFFICE OF THE CHIEF PROCUREMENT OFFICER",-4,-3.39,3,2.73
"410","HU","DEPARTMENT OF HOUSING AND URBAN DEVELOPMENT","ASSISTANT SECRETARY FOR POLICY DEVELOPMENT AND RESEARCH",-1,-1.03,3,2.86
"411","DL","DEPARTMENT OF LABOR","OFFICE OF PUBLIC AFFAIRS",0,0,3,6.52
"412","VA","DEPARTMENT OF VETERANS AFFAIRS","UNSPECIFIED",3,7.14,3,23.08
"413","GS","GENERAL SERVICES ADMINISTRATION","IMMEDIATE OFFICE OF THE ADMINISTRATOR",-2,-4.55,3,75
"414","ZP","U.S. COMMISSION ON INTERNATIONAL RELIGIOUS FREEDOM","U.S. COMMISSION ON INTERNATIONAL RELIGIOUS FREEDOM",2,100,3,100
"415","NN","NATIONAL AERONAUTICS AND SPACE ADMINISTRATION","NEIL A. ARMSTRONG FLIGHT RESEARCH CENTER",50,10.59,4,0.75
"416","AF","DEPARTMENT OF THE AIR FORCE","AIR FORCE OPERATIONAL TEST AND EVALUATION CENTER",-12,-7.41,4,1.75
"417","AR","DEPARTMENT OF THE ARMY","U.S. ARMY CENTRAL",37,19.58,4,2.45
"418","TR","DEPARTMENT OF THE TREASURY","OFFICE OF INSPECTOR GENERAL",3,2.75,4,2.45
"419","AG","DEPARTMENT OF AGRICULTURE","NATIONAL APPEALS DIVISION",-7,-7.37,4,5.13
"420","DD","DEPARTMENT OF DEFENSE","DEFENSE ADVANCED RESEARCH PROJECTS AGENCY",-1,-1.14,4,5.19
"421","AH","NATIONAL FOUNDATION ON THE ARTS AND THE HUMANITIES","INSTITUTE OF MUSEUM AND LIBRARY SERVICES",-3,-4.69,4,6.56
"422","DJ","DEPARTMENT OF JUSTICE","COMMUNITY RELATIONS SERVICE",1,2.56,4,11.11
"423","AF","DEPARTMENT OF THE AIR FORCE","AIR FORCE MORTUARY AFFAIRS OPERATIONS",NA,NA,4,14.29
"424","AF","DEPARTMENT OF THE AIR FORCE","AIR FORCE SPECIAL OPERATIONS COMMAND",81,6.73,5,0.3
"425","DD","DEPARTMENT OF DEFENSE","DEFENSE SECURITY COOPERATION AGENCY",7,1.55,5,0.99
"426","HU","DEPARTMENT OF HOUSING AND URBAN DEVELOPMENT","ASSISTANT SECRETARY FOR FAIR HOUSING AND EQUAL OPPORTUNITY",-2,-1.71,5,4.59
"427","VA","DEPARTMENT OF VETERANS AFFAIRS","IMMEDIATE OFFICE OF THE ASSISTANT SECRETARY FOR POLICY AND PLANNING",1,12.5,5,6.02
"428","VA","DEPARTMENT OF VETERANS AFFAIRS","DEPUTY ASSISTANT SECRETARY FOR BUDGET",2,8.33,5,20.83
"429","RO","MEDICAID AND CHIP PAYMENT AND ACCESS COMMISSION","MEDICAID AND CHIP PAYMENT AND ACCESS COMMISSION",NA,NA,5,33.33
"430","GQ","ELECTION ASSISTANCE COMMISSION","ELECTION ASSISTANCE COMMISSION",0,0,5,62.5
"431","NV","DEPARTMENT OF THE NAVY","OFFICE OF NAVAL RESEARCH",50,1.86,6,0.2
"432","AF","DEPARTMENT OF THE AIR FORCE","AIR FORCE TECHNICAL APPLICATIONS CENTER",36,14.12,6,1.46
"433","RH","ARMED FORCES RETIREMENT HOME","ARMED FORCES RETIREMENT HOME",-9,-3.35,6,2.05
"434","AR","DEPARTMENT OF THE ARMY","U.S. ARMY MATERIAL COMMAND",NA,NA,6,8.11
"435","VA","DEPARTMENT OF VETERANS AFFAIRS","DEPUTY ASSISTANT SECRETARY FOR PUBLIC AFFAIRS",1,2.38,6,23.08
"436","AF","DEPARTMENT OF THE AIR FORCE","AIR FORCE OPERATIONS GROUP",NA,NA,6,200
"437","AR","DEPARTMENT OF THE ARMY","U.S. ARMY FORCES COMMAND",321,14.82,7,0.35
"438","AG","DEPARTMENT OF AGRICULTURE","HOMELAND SECURITY STAFF",4,26.67,7,15.56
"439","AF","DEPARTMENT OF THE AIR FORCE","AIR FORCE ELEMENTS, U.S. TRANSPORTATION COMMAND",18,4.2,8,1.21
"440","HF","FEDERAL HOUSING FINANCE AGENCY","FEDERAL HOUSING FINANCE AGENCY",NA,NA,8,1.4
"441","TD","DEPARTMENT OF TRANSPORTATION","NATIONAL HIGHWAY TRAFFIC SAFETY ADMINISTRATION",6,1,8,1.5
"442","AF","DEPARTMENT OF THE AIR FORCE","AIR FORCE MANPOWER ANALYSIS AGENCY",NA,NA,8,6.15
"443","HS","DEPARTMENT OF HOMELAND SECURITY","DOMESTIC NUCLEAR DETECTION OFFICE",368,57.77,8,6.4
"444","AF","DEPARTMENT OF THE AIR FORCE","AIR FORCE COST ANALYSIS AGENCY",16,18.39,8,10.96
"445","VA","DEPARTMENT OF VETERANS AFFAIRS","DEPUTY ASSISTANT SECRETARY FOR EMERGENCY MANAGEMENT",NA,NA,8,11.76
"446","AG","DEPARTMENT OF AGRICULTURE","FOREIGN AGRICULTURAL SERVICE",-20,-3.24,9,1.5
"447","HU","DEPARTMENT OF HOUSING AND URBAN DEVELOPMENT","OFFICE OF THE CHIEF HUMAN CAPITAL OFFICER",-61,-9.46,9,2.48
"448","GS","GENERAL SERVICES ADMINISTRATION","OFFICE OF ADMINISTRATIVE SERVICES",NA,NA,9,6.57
"449","AR","DEPARTMENT OF THE ARMY","U.S. SPECIAL OPERATIONS COMMAND (ARMY)",145,11.66,10,0.63
"450","GS","GENERAL SERVICES ADMINISTRATION","OFFICE OF INSPECTOR GENERAL",12,4.04,12,4.04
"451","GJ","PRESIDIO TRUST","PRESIDIO TRUST",1,0.32,12,4.08
"452","DL","DEPARTMENT OF LABOR","OFFICE OF THE CHIEF FINANCIAL OFFICER",2,2.33,12,13.79
"453","NF","NATIONAL SCIENCE FOUNDATION","NATIONAL SCIENCE FOUNDATION",18,1.53,13,1.04
"454","VA","DEPARTMENT OF VETERANS AFFAIRS","OFFICE OF THE SECRETARY",10,18.52,13,2.5
"455","RF","FEDERAL RETIREMENT THRIFT INVESTMENT BOARD","FEDERAL RETIREMENT THRIFT INVESTMENT BOARD",2,2.7,13,5.2
"456","AR","DEPARTMENT OF THE ARMY","JOINT SERVICES AND ACTIVITIES SUPPORTED BY THE OFFICE, SECRETARY OF THE ARMY",32,3.56,15,1.47
"457","DJ","DEPARTMENT OF JUSTICE","BUREAU OF ALCOHOL, TOBACCO, FIREARMS, AND EXPLOSIVES",-4,-0.08,16,0.36
"458","DD","DEPARTMENT OF DEFENSE","OFFICE OF THE INSPECTOR GENERAL",43,2.89,16,1.1
"459","DD","DEPARTMENT OF DEFENSE","NATIONAL RECONNAISSANCE OFFICE",NA,NA,16,3.21
"460","CM","DEPARTMENT OF COMMERCE","NATIONAL TELECOMMUNICATIONS AND INFORMATION ADMINISTRATION",15,6.17,16,3.72
"461","GW","INTERNATIONAL BOUNDARY AND WATER COMMISSION:  UNITED STATES AND MEXICO","INTERNATIONAL BOUNDARY AND WATER COMMISSION:  UNITED STATES AND MEXICO",8,3.43,17,7.23
"462","AR","DEPARTMENT OF THE ARMY","U.S. ARMY CRIMINAL INVESTIGATION COMMAND",42,7.75,22,2.86
"463","TR","DEPARTMENT OF THE TREASURY","BUREAU OF ENGRAVING AND PRINTING",-66,-3.32,25,1.41
"464","HE","DEPARTMENT OF HEALTH AND HUMAN SERVICES","OFFICE OF INSPECTOR GENERAL",NA,NA,25,1.57
"465","DJ","DEPARTMENT OF JUSTICE","DRUG ENFORCEMENT ADMINISTRATION",370,4.07,26,0.29
"466","AR","DEPARTMENT OF THE ARMY","U.S. ARMY INTELLIGENCE AND SECURITY COMMAND",185,8.55,28,0.85
"467","NV","DEPARTMENT OF THE NAVY","NAVAL INTELLIGENCE COMMAND",46,2.89,28,3.78
"468","NN","NATIONAL AERONAUTICS AND SPACE ADMINISTRATION","LANGLEY RESEARCH CENTER",3,0.17,30,1.7
"469","MI","MILLENNIUM CHALLENGE CORPORATION","MILLENNIUM CHALLENGE CORPORATION",-4,-1.67,30,15
"470","HE","DEPARTMENT OF HEALTH AND HUMAN SERVICES","HEALTH RESOURCES AND SERVICES ADMINISTRATION",-43,-3.4,32,1.73
"471","VA","DEPARTMENT OF VETERANS AFFAIRS","VET CUSTOMER EXPER (VCE)",NA,NA,32,88.89
"472","AR","DEPARTMENT OF THE ARMY","U.S. ARMY ACQUISITION SUPPORT CENTER",236,6.21,33,0.69
"473","GS","GENERAL SERVICES ADMINISTRATION","FEDERAL ACQUISITION SERVICE",114,3.18,34,1.11
"474","IN","DEPARTMENT OF THE INTERIOR","INDIAN AFFAIRS",156,3.03,36,0.8
"475","AR","DEPARTMENT OF THE ARMY","U.S. ARMY MILITARY SURFACE DEPLOYMENT AND DISTRIBUTION COMMAND",43,3.48,38,3.46
"476","HS","DEPARTMENT OF HOMELAND SECURITY","FEDERAL EMERGENCY MANAGEMENT AGENCY",512,14.12,41,0.85
"477","DD","DEPARTMENT OF DEFENSE","MISSILE DEFENSE AGENCY",210,17.14,43,1.79
"478","NN","NATIONAL AERONAUTICS AND SPACE ADMINISTRATION","AMES RESEARCH CENTER",-22,-1.93,43,3.82
"479","IN","DEPARTMENT OF THE INTERIOR","BUREAU OF RECLAMATION",90,1.73,45,0.86
"480","AR","DEPARTMENT OF THE ARMY","U.S. ARMY RECRUITING COMMAND AND U.S. ARMY CADET COMMAND",19,0.8,48,2.11
"481","FR","FEDERAL RESERVE SYSTEM","BUREAU OF CONSUMER FINANCIAL PROTECTION",NA,NA,49,3.25
"482","NN","NATIONAL AERONAUTICS AND SPACE ADMINISTRATION","LYNDON B. JOHNSON SPACE CENTER",8,0.26,59,2.01
"483","HS","DEPARTMENT OF HOMELAND SECURITY","OFFICE OF THE INSPECTOR GENERAL",62,11.05,60,9.22
"484","AR","DEPARTMENT OF THE ARMY","U. S. MILITARY ENTRANCE PROCESSING COMMAND",NA,NA,69,2.54
"485","AR","DEPARTMENT OF THE ARMY","UNITED STATES ARMY CYBER COMMAND",NA,NA,75,35.71
"486","AF","DEPARTMENT OF THE AIR FORCE","AIR COMBAT COMMAND",108,1.13,79,0.77
"487","HS","DEPARTMENT OF HOMELAND SECURITY","DHS HEADQUARTERS",363,20.5,79,2.63
"488","HS","DEPARTMENT OF HOMELAND SECURITY","CUSTOMS AND BORDER PROTECTION",4431,8.38,81,0.14
"489","VA","DEPARTMENT OF VETERANS AFFAIRS","DEPUTY ASSISTANT SECRETARY FOR FINANCE",58,11.49,83,9.74
"490","VA","DEPARTMENT OF VETERANS AFFAIRS","INSPECTOR GENERAL",40,8.46,90,12.66
"491","OM","OFFICE OF PERSONNEL MANAGEMENT","OFFICE OF PERSONNEL MANAGEMENT",-3,-0.05,100,1.89
"492","HE","DEPARTMENT OF HEALTH AND HUMAN SERVICES","FOOD AND DRUG ADMINISTRATION",580,6.2,107,0.74
"493","DD","DEPARTMENT OF DEFENSE","DEFENSE FINANCE AND ACCOUNTING SERVICE",382,3.28,112,0.98
"494","HS","DEPARTMENT OF HOMELAND SECURITY","IMMIGRATION AND CUSTOMS ENFORCEMENT",1585,8.75,130,0.67
"495","AR","DEPARTMENT OF THE ARMY","FIELD OPERATING OFFICES OF THE OFFICE OF THE SECRETARY OF THE ARMY",552,20.61,131,6.47
"496","HS","DEPARTMENT OF HOMELAND SECURITY","U.S. COAST GUARD",305,4.09,132,1.61
"497","IN","DEPARTMENT OF THE INTERIOR","U.S. FISH AND WILDLIFE SERVICE",156,1.93,133,1.69
"498","VA","DEPARTMENT OF VETERANS AFFAIRS","DEPUTY ASSISTANT SECRETARY FOR INFORMATION AND TECHNOLOGY",-9,-0.13,150,1.94
"499","NV","DEPARTMENT OF THE NAVY","U.S. PACIFIC FLEET, COMMANDER IN CHIEF",469,2.88,154,0.68
"500","NV","DEPARTMENT OF THE NAVY","UNITED STATES FLEET FORCES COMMAND",496,2.68,159,0.62
"501","AF","DEPARTMENT OF THE AIR FORCE","AIR FORCE CIVILIAN CAREER TRAINING",684,59.07,166,6.06
"502","DJ","DEPARTMENT OF JUSTICE","EXECUTIVE OFFICE FOR IMMIGRATION REVIEW",-12,-1,169,13.28
"503","DD","DEPARTMENT OF DEFENSE","DEFENSE CONTRACT AUDIT AGENCY",217,5.33,172,3.87
"504","VA","DEPARTMENT OF VETERANS AFFAIRS","BOARD OF VETERANS APPEALS",27,5.44,180,23.56
"505","NV","DEPARTMENT OF THE NAVY","SPACE AND NAVAL WARFARE SYSTEMS COMMAND",357,4.76,199,2.09
"506","IN","DEPARTMENT OF THE INTERIOR","NATIONAL PARK SERVICE",677,4.46,219,1.49
"507","HS","DEPARTMENT OF HOMELAND SECURITY","NATIONAL PROTECTION AND PROGRAMS DIRECTORATE",NA,NA,237,7.6
"508","AR","DEPARTMENT OF THE ARMY","U.S. ARMY RESERVE COMMAND",416,5.24,238,3.04
"509","AF","DEPARTMENT OF THE AIR FORCE","DOD AND OTHER SUPPORT",NA,NA,252,293.02
"510","NV","DEPARTMENT OF THE NAVY","NAVAL AIR SYSTEMS COMMAND",583,2.57,272,0.99
"511","IN","DEPARTMENT OF THE INTERIOR","BUREAU OF LAND MANAGEMENT",524,5.65,353,4.11
"512","VA","DEPARTMENT OF VETERANS AFFAIRS","VETERANS BENEFITS ADMINISTRATION",1031,6.47,488,2.17
"513","NV","DEPARTMENT OF THE NAVY","NAVAL SEA SYSTEMS COMMAND",1106,4.84,542,1.85
"514","AR","DEPARTMENT OF THE ARMY","U.S. ARMY CORPS OF ENGINEERS",2412,8.03,554,1.77
"515","DJ","DEPARTMENT OF JUSTICE","FEDERAL BUREAU OF INVESTIGATION",1378,4.38,630,1.75
"516","HS","DEPARTMENT OF HOMELAND SECURITY","CITIZENSHIP AND IMMIGRATION SERVICES",23,0.22,992,6.42
"517","AG","DEPARTMENT OF AGRICULTURE","FOREST SERVICE",2180,7.86,1180,4.46
"518","VA","DEPARTMENT OF VETERANS AFFAIRS","VETERANS HEALTH ADMINISTRATION",11595,5.01,5013,1.57
"519","AF","DEPARTMENT OF THE AIR FORCE","AF AGENCY FOR MODELING AND SIMULATION",NA,NA,NA,NA
"520","AF","DEPARTMENT OF THE AIR FORCE","AF ENGINEERING AND SERVICES CTR",6,6.19,NA,NA
"521","AF","DEPARTMENT OF THE AIR FORCE","AF SERVICE INFORMATION AND NEWS CENTER",-5,-50,NA,NA
"522","AF","DEPARTMENT OF THE AIR FORCE","AF-WIDE SUPPORT ELEMENT",14,3.86,NA,NA
"523","AF","DEPARTMENT OF THE AIR FORCE","AIR FORCE C2 & INTEL, SURVEIL & RECON",-2,-4.44,NA,NA
"524","AF","DEPARTMENT OF THE AIR FORCE","AIR FORCE CENTER FOR STUDIES AND ANALYSES",NA,NA,NA,NA
"525","AF","DEPARTMENT OF THE AIR FORCE","AIR FORCE COMMUNICATIONS AGENCY",-23,-8.78,NA,NA
"526","AF","DEPARTMENT OF THE AIR FORCE","AIR FORCE CTR FOR ENVIRONMNTL EXCELLENCE",18,4.11,NA,NA
"527","AF","DEPARTMENT OF THE AIR FORCE","AIR FORCE ELEMENTS, U.S. AFRICA COMMAND",0,0,NA,NA
"528","AF","DEPARTMENT OF THE AIR FORCE","AIR FORCE ELEMENTS, U.S. ATLANTIC CMD",9,7.76,NA,NA
"529","AF","DEPARTMENT OF THE AIR FORCE","AIR FORCE FINANCIAL SERVICES",18,60,NA,NA
"530","AF","DEPARTMENT OF THE AIR FORCE","AIR FORCE FREQUENCY MANAGEMENT AGENCY",NA,NA,NA,NA
"531","AF","DEPARTMENT OF THE AIR FORCE","AIR FORCE INTELLIGENCE SERVICE",5,11.63,NA,NA
"532","AF","DEPARTMENT OF THE AIR FORCE","AIR FORCE LOGISTICS MANAGEMENT AGENCY",-1,-5.88,NA,NA
"533","AF","DEPARTMENT OF THE AIR FORCE","AIR FORCE MANAGEMENT ENGINEERING AGENCY",NA,NA,NA,NA
"534","AF","DEPARTMENT OF THE AIR FORCE","AIR FORCE MANPOWER AGENCY",12,4.38,NA,NA
"535","AF","DEPARTMENT OF THE AIR FORCE","AIR FORCE MORALE, WELFARE & REC CENTER",-5,-3.01,NA,NA
"536","AF","DEPARTMENT OF THE AIR FORCE","AIR FORCE NUCLEAR WEAPONS AGENCY",2,200,NA,NA
"537","AF","DEPARTMENT OF THE AIR FORCE","AIR FORCE OFFICE OF SECURITY POLICE",6,26.09,NA,NA
"538","AF","DEPARTMENT OF THE AIR FORCE","AIR FORCE PERSONNNEL OPERATIONS AGENCY",-22,-34.38,NA,NA
"539","AF","DEPARTMENT OF THE AIR FORCE","AIR FORCE REAL PROPERTY AGENCY",2,2.22,NA,NA
"540","AF","DEPARTMENT OF THE AIR FORCE","HEADQUARTERS, AIR FORCE WEATHER AGENCY",16,9.64,NA,NA
"541","AF","DEPARTMENT OF THE AIR FORCE","HQ USAF DIRECT SUPPORT ELEMENT",30,8.67,NA,NA
"542","AF","DEPARTMENT OF THE AIR FORCE","IMMEDIATE OFFICE, HEADQUARTERS, USAF",90,10.86,NA,NA
"543","AF","DEPARTMENT OF THE AIR FORCE","UNSPECIFIED",NA,NA,NA,NA
"544","AM","U.S. INTERNATIONAL DEVELOPMENT COOPERATION AGENCY","U.S. AGENCY FOR INTERNATIONAL DEVELOPMENT",94,4.99,NA,NA
"545","AR","DEPARTMENT OF THE ARMY","EIGHTH U.S. ARMY",69,14.35,NA,NA
"546","AR","DEPARTMENT OF THE ARMY","FLD OPERATING AGENCIES OF THE ARMY STAFF",-35,-50,NA,NA
"547","AR","DEPARTMENT OF THE ARMY","HQ, STAFF SUPPORT ACTIVITIES, AMC",-22,-95.65,NA,NA
"548","AR","DEPARTMENT OF THE ARMY","MATERIEL ACQUISITION PROJECT MANAGERS",NA,NA,NA,NA
"549","AR","DEPARTMENT OF THE ARMY","TRAINING ACTIVITIES, AMC",44,26.35,NA,NA
"550","AR","DEPARTMENT OF THE ARMY","U.S. ARMY CONTRACTING AGENCY",-125,-86.81,NA,NA
"551","AR","DEPARTMENT OF THE ARMY","U.S. ARMY SOUTHERN EUROPEAN TASK FORCE",NA,NA,NA,NA
"552","AR","DEPARTMENT OF THE ARMY","U.S. ARMY V CORPS",-51,-60.71,NA,NA
"553","AR","DEPARTMENT OF THE ARMY","U.S. MILITARY ENTRANCE PROCESSING CMD",89,4.42,NA,NA
"554","AR","DEPARTMENT OF THE ARMY","UNSPECIFIED",NA,NA,NA,NA
"555","BZ","CHRISTOPHER COLUMBUS FELLOWSHIP FOUNDATION","CHRISTOPHER COLUMBUS FELLOWSHIP FOUNDATION",0,0,NA,NA
"556","DD","DEPARTMENT OF DEFENSE","AMERICAN FORCES INFORMATION SERVICE",NA,NA,NA,NA
"557","DD","DEPARTMENT OF DEFENSE","BUSINESS TRANSFORMATION AGENCY",22,11.4,NA,NA
"558","DD","DEPARTMENT OF DEFENSE","DEFENSE POW/MISSING PERSONNEL OFFICE",2,3.17,NA,NA
"559","DF","OFFICE OF THE FEDERAL COORDINATOR FOR ALASKA NATURAL GAS TRANSPORTATION PRO","OFC FED COORD ALASKA GAS TRANSPORT PROJ",NA,NA,NA,NA
"560","DJ","DEPARTMENT OF JUSTICE","UNSPECIFIED",0,0,NA,NA
"561","DL","DEPARTMENT OF LABOR","EMPLOYEE BENEFITS SECURITY ADMINISTRATIO",NA,NA,NA,NA
"562","DL","DEPARTMENT OF LABOR","EMPLOYMENT STANDARDS ADMINISTRATION",158,4.21,NA,NA
"563","ED","DEPARTMENT OF EDUCATION","ADVISORY COUNCILS AND COMMITTEES",-2,-40,NA,NA
"564","ED","DEPARTMENT OF EDUCATION","NATIONAL INSTITUTE FOR LITERACY",0,0,NA,NA
"565","ED","DEPARTMENT OF EDUCATION","OFFICE OF SAFE AND DRUG-FREE SCHOOLS",-2,-4.55,NA,NA
"566","EO","MORRIS K. UDALL SCHOLARSHIP AND EXCELLENCE IN NATIONAL ENVIRONMENTAL POLICY","MORRIS K. UDALL AND STEWART L. UDALL FOUNDATION",0,0,NA,NA
"567","FY",NA,"FEDERAL HOUSING FINANCE BOARD",NA,NA,NA,NA
"568","GM","VALLES CALDERA TRUST","VALLES CALDERA TRUST",8,80,NA,NA
"569","GS","GENERAL SERVICES ADMINISTRATION","OFFICE OF CITIZEN SERVICES AND INNOVATIVE TECHNOLOGIES",3,2.36,NA,NA
"570","GS","GENERAL SERVICES ADMINISTRATION","OFFICE OF THE CHIEF ACQUISITION OFFICER",2,3.23,NA,NA
"571","HB","COMMITTEE FOR PURCHASE FROM PEOPLE WHO ARE BLIND OR SEVERELY DISABLED","CMTE FOR PURCH FRM PPLE BLIND OR SEV DIS",-1,-4.17,NA,NA
"572","HE","DEPARTMENT OF HEALTH AND HUMAN SERVICES","OFFICE OF THE ASSISTANT SECRETARY FOR HEALTH",0,0,NA,NA
"573","HU","DEPARTMENT OF HOUSING AND URBAN DEVELOPMENT","OFC OF DEPARTMENTAL OPERATIONS AND COORD",-9,-10.34,NA,NA
"574","HU","DEPARTMENT OF HOUSING AND URBAN DEVELOPMENT","OFC OF FED HOUSING ENTERPRISE OVERSIGHT",NA,NA,NA,NA
"575","HW","U.S. INTERAGENCY COUNCIL ON HOMELESSNESS","U.S. INTERAGENCY COUNCIL ON HOMELESSNESS",0,0,NA,NA
"576","IN","DEPARTMENT OF THE INTERIOR","MINERALS MANAGEMENT SERVICE",56,3.47,NA,NA
"577","LT","U.S. TAX COURT","U.S. TAX COURT",5,4.42,NA,NA
"578","NV","DEPARTMENT OF THE NAVY","NAVY SYSTEMS MANAGEMENT ACTIVITY",0,0,NA,NA
"579","TD","DEPARTMENT OF TRANSPORTATION","RESEARCH AND INNOVATIVE TECHNOLOGY ADM",1,0.15,NA,NA
"580","TR","DEPARTMENT OF THE TREASURY","BUREAU OF THE PUBLIC DEBT",-37,-1.88,NA,NA
"581","TR","DEPARTMENT OF THE TREASURY","FINANCIAL MANAGEMENT SERVICE",-18,-0.96,NA,NA
"582","TR","DEPARTMENT OF THE TREASURY","OFFICE OF THRIFT SUPERVISION",-58,-5.58,NA,NA
"583","TR","DEPARTMENT OF THE TREASURY","UNSPECIFIED",NA,NA,NA,NA
"584","VA","DEPARTMENT OF VETERANS AFFAIRS","NATIONAL CENTER FOR VETERAN ANALYSIS AND STATISTICS",0,0,NA,NA
"585","ZL","MEDICARE PAYMENT ADVISORY COMMISSION","MEDICARE PAYMENT ADVISORY COMMISSION",1,3.7,NA,NA
"586","","","",NA,NA,NA,NA
"587","GC","GULF COAST ECOSYSTEM RESTORATION COUNCIL","GULF COAST ECOSYSTEM RESTORATION COUNCIL",NA,NA,NA,NA
"588","GS","GENERAL SERVICES ADMINISTRATION","TECHNOLOGY TRANSFORMATION SERVICE",NA,NA,NA,NA
"589","HB","COMMITTEE FOR PURCHASE FROM PEOPLE WHO ARE BLIND OR SE VERELY DISABLED","OFFICE OF INSPECTOR GENERAL",NA,NA,NA,NA
"590","HB","COMMITTEE FOR PURCHASE FROM PEOPLE WHO ARE BLIND OR SE VERELY DISABLED","OFFICE OF THE COMMITTEE FOR PURCHASE FROM PEOPLE WHO A RE BLIND OR SEVERELY DISABLED",NA,NA,NA,NA
"591","HB","COMMITTEE FOR PURCHASE FROM PEOPLE WHO ARE BLIND OR SE VERELY DISABLED","UNSPECIFIED",NA,NA,NA,NA
"592","ZS","CHINA ECONOMIC AND SECURITY REVIEW COMMISSION","CHINA ECONOMIC AND SECURITY REVIEW COMMISSION",NA,NA,NA,NA
